,City,Country,Lat,Lng,Max Temp,Humidity,Cloudiness,Wind Speed,Current Description
0,Ushuaia,AR,-54.8,-68.3,5.81,61,75,4.63,broken clouds
1,Kavieng,PG,-2.5744,150.7967,29.47,66,35,5.09,scattered clouds
2,Mataura,NZ,-46.1927,168.8643,6.93,98,100,2.81,overcast clouds
3,Kahului,US,20.8947,-156.47,28.32,67,20,10.8,few clouds
4,Kuching,MY,1.55,110.3333,30.12,66,20,1.54,few clouds
5,Mar Del Plata,AR,-38.0023,-57.5575,9.01,66,0,5.66,clear sky
6,Port Alfred,ZA,-33.5906,26.891,14.37,83,41,6.48,scattered clouds
7,Urusha,RU,54.05,122.9,14.09,71,100,2.83,overcast clouds
8,San Cristobal,VE,7.7669,-72.225,18.62,98,100,0.92,overcast clouds
9,Lebu,CL,-37.6167,-73.65,6.53,84,3,2.42,clear sky
10,Bluff,NZ,-46.6,168.3333,7.11,74,100,8.63,overcast clouds
11,Nikolskoye,RU,59.7035,30.7861,17.23,93,68,2.83,light rain
12,Punta Arenas,CL,-53.15,-70.9167,5.06,75,90,8.75,overcast clouds
13,Castro,BR,-24.7911,-50.0119,12.05,78,6,1.63,clear sky
14,Fortuna,US,40.5982,-124.1573,16.07,69,1,0.89,clear sky
15,Pevek,RU,69.7008,170.3133,3.1,83,62,5.03,broken clouds
16,Chokurdakh,RU,70.6333,147.9167,23.16,31,77,6.39,broken clouds
17,Mount Gambier,AU,-37.8333,140.7667,15.95,55,40,7.72,scattered clouds
18,New Norfolk,AU,-42.7826,147.0587,14.93,72,86,0.89,light rain
19,Ilulissat,GL,69.2167,-51.1,6.01,87,75,1.54,broken clouds
20,Albany,US,42.6001,-73.9662,21.75,89,7,1.67,clear sky
21,Port Elizabeth,ZA,-33.918,25.5701,14.16,72,0,6.17,clear sky
22,Bredasdorp,ZA,-34.5322,20.0403,10.62,87,100,4.63,light rain
23,Yellowknife,CA,62.456,-114.3525,11.29,62,75,2.06,broken clouds
24,Comodoro Rivadavia,AR,-45.8667,-67.5,3.92,52,0,2.57,clear sky
25,Cape Town,ZA,-33.9258,18.4232,11.73,88,78,0.45,broken clouds
26,Ostersund,SE,63.1792,14.6357,12.25,100,75,0.0,fog
27,Kempele,FI,64.9131,25.5034,16.01,94,90,5.66,overcast clouds
28,San Juan,AR,-31.5375,-68.5364,6.05,77,96,7.64,overcast clouds
29,Butaritari,KI,3.0707,172.7902,28.75,59,14,4.22,few clouds
30,Mitu,CO,1.1983,-70.1733,22.25,99,76,0.69,broken clouds
31,Lagoa,PT,39.05,-27.9833,21.84,83,23,8.14,few clouds
32,Hasaki,JP,35.7333,140.8333,30.22,82,63,13.25,broken clouds
33,Manggar,ID,-2.8833,108.2667,29.11,71,80,4.51,broken clouds
34,Qaanaaq,GL,77.484,-69.3632,2.85,70,93,2.59,overcast clouds
35,Nanortalik,GL,60.1432,-45.2371,5.81,93,44,5.43,scattered clouds
36,Vallenar,CL,-28.5708,-70.7581,10.3,63,2,1.49,clear sky
37,Dudinka,RU,69.4058,86.1778,18.86,51,9,9.29,clear sky
38,Barrow,US,71.2906,-156.7887,4.01,87,90,4.12,overcast clouds
39,Busselton,AU,-33.65,115.3333,13.94,70,84,12.04,broken clouds
40,Ancud,CL,-41.8697,-73.8203,5.24,85,11,1.65,few clouds
41,Avera,US,33.194,-82.5271,26.93,68,95,0.67,overcast clouds
42,Iwanai,JP,42.9744,140.5089,24.11,93,100,0.76,overcast clouds
43,Brae,GB,60.3964,-1.353,13.95,90,100,3.78,overcast clouds
44,Tasiilaq,GL,65.6145,-37.6368,8.09,92,100,8.26,light rain
45,Pangnirtung,CA,66.1451,-65.7125,6.5,89,100,2.68,light rain
46,Vaini,TO,-21.2,-175.2,25.09,69,20,4.63,few clouds
47,Harda,IN,22.3333,77.1,26.26,87,99,2.36,overcast clouds
48,Hobart,AU,-42.8794,147.3294,14.92,57,75,1.34,broken clouds
49,Chuy,UY,-33.6971,-53.4616,14.13,96,81,3.42,moderate rain
50,Port Blair,IN,11.6667,92.75,29.39,76,98,5.35,overcast clouds
51,Thompson,CA,55.7435,-97.8558,15.81,80,100,2.17,overcast clouds
52,Sumbe,AO,-11.2061,13.8437,21.29,91,6,2.28,clear sky
53,Atuona,PF,-9.8,-139.0333,25.58,77,15,9.42,few clouds
54,Coquimbo,CL,-29.9533,-71.3436,10.85,87,0,3.09,clear sky
55,Vila Franca Do Campo,PT,37.7167,-25.4333,21.23,89,48,4.53,scattered clouds
56,Hithadhoo,MV,-0.6,73.0833,27.56,70,93,0.96,overcast clouds
57,Morant Bay,JM,17.8815,-76.4093,27.79,81,7,2.66,clear sky
58,Faanui,PF,-16.4833,-151.75,26.3,77,27,5.69,light rain
59,Saint-Joseph,RE,-21.3667,55.6167,19.21,81,44,1.4,scattered clouds
60,Beira,MZ,-19.8436,34.8389,16.05,100,90,2.57,fog
61,Puerto Ayora,EC,-0.7393,-90.3518,20.86,90,32,1.79,scattered clouds
62,Rikitea,PF,-23.1203,-134.9692,23.69,78,16,5.19,few clouds
63,Homer,US,59.6425,-151.5483,12.27,95,90,6.17,mist
64,Maniitsoq,GL,65.4167,-52.9,5.28,81,38,1.12,scattered clouds
65,Faya,SA,18.3851,42.4509,22.29,47,62,1.3,broken clouds
66,Mutare,ZW,-18.9707,32.6709,9.92,82,0,0.92,clear sky
67,East London,ZA,-33.0153,27.9116,16.09,77,41,5.62,scattered clouds
68,Victoria,HK,22.2855,114.1577,31.03,86,100,1.43,overcast clouds
69,Hermanus,ZA,-34.4187,19.2345,11.61,70,100,8.59,light rain
70,Ocos,GT,14.5094,-92.1933,27.22,88,100,4.71,overcast clouds
71,Poum,NC,-20.2333,164.0167,21.79,57,6,6.58,clear sky
72,Kamenka,RU,51.3223,42.7678,25.15,36,100,5.11,light rain
73,Vao,NC,-22.6667,167.4833,19.03,64,92,11.14,overcast clouds
74,Laguna,US,38.421,-121.4238,32.91,48,1,1.34,clear sky
75,Baturaja,ID,-4.1333,104.1667,31.19,55,17,2.15,few clouds
76,Codrington,AU,-38.2667,141.9667,14.65,63,63,6.88,broken clouds
77,Haines Junction,CA,60.7522,-137.5108,14.97,51,100,2.57,overcast clouds
78,Berlevag,NO,70.8578,29.0864,12.0,68,77,3.46,broken clouds
79,Yuzhnyy,RU,53.2542,83.6936,22.21,64,91,3.0,overcast clouds
80,Jamestown,US,42.097,-79.2353,22.14,89,1,0.45,clear sky
81,Bengkulu,ID,-3.8004,102.2655,28.94,69,94,0.8,overcast clouds
82,Teguise,ES,29.0605,-13.564,19.12,78,20,6.69,few clouds
83,Bilma,NE,18.6853,12.9164,31.62,44,66,5.05,broken clouds
84,Cherskiy,RU,68.75,161.3,18.31,28,70,2.68,broken clouds
85,Bubaque,GW,11.2833,-15.8333,25.49,85,100,4.48,moderate rain
86,Kaitangata,NZ,-46.2817,169.8464,4.78,93,66,5.42,broken clouds
87,Baruun-Urt,MN,46.6806,113.2792,19.54,59,68,4.46,broken clouds
88,Katsuura,JP,35.1333,140.3,32.06,87,62,13.47,broken clouds
89,Melipilla,CL,-33.7,-71.2167,9.06,90,12,0.76,few clouds
90,Torbay,CA,47.6666,-52.7314,13.1,87,75,5.66,broken clouds
91,Limbang,MY,4.75,115.0,32.17,49,100,0.28,overcast clouds
92,Bintulu,MY,3.1667,113.0333,28.23,78,20,2.06,few clouds
93,Lompoc,US,34.6391,-120.4579,20.43,86,75,3.6,fog
94,Alice Springs,AU,-23.7,133.8833,21.75,17,0,3.09,clear sky
95,Narsaq,GL,60.9167,-46.05,7.12,84,4,1.04,clear sky
96,Pointe Michel,DM,15.25,-61.3833,27.31,76,82,7.69,broken clouds
97,Borogontsy,RU,62.6683,131.1683,26.38,21,29,3.96,scattered clouds
98,Saint George,US,37.1041,-113.5841,36.33,11,1,0.45,clear sky
99,Geraldton,AU,-28.7667,114.6,18.23,88,90,4.63,overcast clouds
100,Maxixe,MZ,-23.8597,35.3472,15.88,76,0,2.19,clear sky
101,Kalabo,ZM,-14.97,22.6814,12.19,46,0,0.63,clear sky
102,Mujiayingzi,CN,42.1167,118.7833,22.56,58,100,0.64,moderate rain
103,Georgetown,MY,5.4112,100.3354,30.96,74,20,0.45,few clouds
104,Mizdah,LY,31.4451,12.9801,22.97,59,0,3.11,clear sky
105,Straumen,NO,63.8709,11.2999,13.0,94,12,1.27,few clouds
106,Iralaya,HN,15.0,-83.2333,26.56,84,83,3.91,broken clouds
107,Alta Floresta,BR,-9.8756,-56.0861,25.86,38,84,1.14,broken clouds
108,Mayumba,GA,-3.432,10.6554,22.62,82,98,2.15,overcast clouds
109,Flinders,AU,-34.5833,150.8552,18.45,59,100,4.7,overcast clouds
110,Saint-Philippe,RE,-21.3585,55.7679,19.77,85,73,1.26,light rain
111,Onega,RU,63.9061,38.1404,12.01,97,100,3.49,overcast clouds
112,Kapaa,US,22.0752,-159.319,29.18,65,40,1.79,scattered clouds
113,Miri,MY,4.4148,114.0089,32.08,66,40,3.09,scattered clouds
114,Tabalosos,PE,-6.35,-76.6833,20.67,69,82,1.12,broken clouds
115,Naifaru,MV,5.4444,73.3657,28.11,74,87,7.05,overcast clouds
116,Tamandare,BR,-8.7597,-35.1047,22.82,89,37,2.68,scattered clouds
117,Salair,RU,54.2312,85.7972,21.46,64,76,1.58,broken clouds
118,Vilcun,CL,-38.65,-72.2333,-0.59,96,15,1.02,few clouds
119,Salina,US,38.8403,-97.6114,26.21,83,1,3.09,clear sky
120,Khatanga,RU,71.9667,102.5,12.77,83,99,5.33,overcast clouds
121,Beckley,US,37.7782,-81.1882,21.27,84,1,3.09,clear sky
122,Bonavista,CA,48.6499,-53.1147,11.73,73,19,5.16,few clouds
123,Talnakh,RU,69.4865,88.3972,21.53,43,30,2.68,scattered clouds
124,Ordynskoye,RU,54.3656,81.8994,17.32,95,100,2.31,light rain
125,Tallahassee,US,30.4383,-84.2807,27.58,91,1,0.0,clear sky
126,Ahipara,NZ,-35.1667,173.1667,10.94,60,84,9.32,broken clouds
127,Wuning,CN,29.2589,120.2311,32.18,61,28,0.38,scattered clouds
128,Saldanha,ZA,-33.0117,17.9442,11.03,69,89,8.76,overcast clouds
129,Fairbanks,US,64.8378,-147.7164,16.0,92,90,3.09,light rain
130,Rome,US,34.257,-85.1647,26.28,90,95,0.63,overcast clouds
131,Santa Cruz De Tenerife,ES,28.4682,-16.2546,23.12,87,90,3.13,overcast clouds
132,Zinder,NE,13.8072,8.9881,27.03,65,70,4.54,broken clouds
133,Kodiak,US,57.79,-152.4072,15.73,59,75,4.12,broken clouds
134,Nuuk,GL,64.1835,-51.7216,6.34,93,75,2.57,broken clouds
135,Zeya,RU,53.75,127.2667,14.13,73,99,3.08,overcast clouds
136,Clyde River,CA,70.4692,-68.5914,6.13,81,90,5.66,overcast clouds
137,Ribeira Grande,PT,38.5167,-28.7,22.46,89,69,6.06,broken clouds
138,Sitka,US,57.0531,-135.33,13.94,88,90,6.69,moderate rain
139,Limoeiro,BR,-7.8747,-35.4503,22.13,95,46,1.88,scattered clouds
140,Mananara,MG,-16.1667,49.7667,17.64,92,38,2.3,scattered clouds
141,Sept-Iles,CA,50.2001,-66.3821,11.14,84,1,1.54,clear sky
142,Manama,BH,26.2154,50.5832,35.75,55,1,4.12,clear sky
143,Shingu,JP,33.7333,135.9833,28.55,89,83,10.14,broken clouds
144,Santa Lucia,ES,27.9117,-15.5407,17.62,68,20,9.26,few clouds
145,Arraial Do Cabo,BR,-22.9661,-42.0278,20.14,86,0,10.34,clear sky
146,Mulchen,CL,-37.7167,-72.2333,4.77,92,35,1.18,scattered clouds
147,Ironton,US,38.5368,-82.6829,24.9,96,1,0.0,clear sky
148,Shache,CN,38.4167,77.2406,26.75,33,100,1.98,overcast clouds
149,Bambous Virieux,MU,-20.3428,57.7575,20.14,94,20,2.57,light rain
150,Burns Lake,CA,54.2331,-125.7533,18.68,50,24,3.97,few clouds
151,Parana,AR,-31.732,-60.5238,11.43,90,100,5.83,light rain
152,Upernavik,GL,72.7868,-56.1549,5.39,87,92,4.23,overcast clouds
153,Daru,PG,-9.0763,143.2092,24.68,90,100,7.05,overcast clouds
154,Mortka,RU,59.3322,66.0214,17.56,86,74,4.27,broken clouds
155,Tuatapere,NZ,-46.1333,167.6833,7.12,92,95,3.14,overcast clouds
156,Airai,TL,-8.9266,125.4092,23.14,46,12,1.56,few clouds
157,Dumas,US,35.8656,-101.9732,28.68,57,1,3.09,clear sky
158,Maumere,ID,-8.6199,122.2111,27.74,60,31,1.28,scattered clouds
159,Coolum Beach,AU,-26.5333,153.1,17.84,96,98,5.95,light rain
160,Avarua,CK,-21.2078,-159.775,25.03,73,58,4.63,broken clouds
161,Ossora,RU,59.2353,163.0719,15.45,57,97,5.21,overcast clouds
162,Vila,PT,42.0304,-8.1588,10.74,88,100,1.59,overcast clouds
163,Huarmey,PE,-10.0681,-78.1522,17.3,85,24,5.1,few clouds
164,Omboue,GA,-1.5746,9.2618,23.49,81,91,3.07,overcast clouds
165,Zabaykalsk,RU,49.6333,117.3167,17.47,92,100,2.81,overcast clouds
166,Tautira,PF,-17.7333,-149.15,29.01,76,71,4.86,broken clouds
167,Hilo,US,19.7297,-155.09,26.85,69,90,4.12,overcast clouds
168,Labuhan,ID,-6.8844,112.2051,29.31,69,42,4.01,scattered clouds
169,Chapais,CA,49.7834,-74.8492,15.88,64,100,3.31,overcast clouds
170,Petropavlovsk-Kamchatskiy,RU,53.0452,158.6483,16.33,63,75,5.0,broken clouds
171,Betsiamites,CA,48.9413,-68.646,13.22,70,61,2.58,broken clouds
172,Trofors,NO,65.5333,13.4063,16.64,94,100,1.54,overcast clouds
173,Dikson,RU,73.5069,80.5464,5.53,97,67,3.67,broken clouds
174,Sabinopolis,BR,-18.6661,-43.0839,15.61,77,100,1.26,overcast clouds
175,Nizwa,OM,22.9333,57.5333,33.05,31,22,1.15,few clouds
176,Longyearbyen,SJ,78.2186,15.6401,4.91,87,75,2.06,broken clouds
177,Palmer,US,42.1584,-72.3287,22.65,79,90,1.54,overcast clouds
178,Belaya Gora,RU,68.5333,146.4167,25.24,26,90,4.81,overcast clouds
179,Isangel,VU,-19.55,169.2667,25.06,65,75,7.2,broken clouds
180,Isla Vista,US,34.4133,-119.861,23.47,74,90,3.6,mist
181,Mount Isa,AU,-20.7333,139.5,26.87,21,0,4.63,clear sky
182,Jalu,LY,29.0331,21.5482,27.15,36,0,4.52,clear sky
183,Nouakchott,MR,18.0858,-15.9785,24.96,79,23,7.33,few clouds
184,Namibe,AO,-15.1961,12.1522,16.81,82,77,0.52,broken clouds
185,Saskylakh,RU,71.9167,114.0833,18.23,54,100,3.36,overcast clouds
186,Richards Bay,ZA,-28.783,32.0377,15.28,55,0,3.45,clear sky
187,Goderich,CA,43.7501,-81.7165,23.28,83,99,3.09,overcast clouds
188,Poli,TZ,-3.3333,36.8,12.31,85,73,0.87,broken clouds
189,Tuktoyaktuk,CA,69.4541,-133.0374,9.0,81,75,3.09,broken clouds
190,Kaeo,NZ,-35.1,173.7833,12.4,62,23,6.75,few clouds
191,High Prairie,CA,55.4334,-116.4858,16.61,62,8,2.87,clear sky
192,Milkovo,RU,54.7167,158.6167,17.34,48,63,1.05,broken clouds
193,Beder,DK,56.0602,10.2118,14.15,90,88,6.04,overcast clouds
194,Luanda,AO,-8.8368,13.2343,21.12,87,11,2.24,few clouds
195,Boone,US,39.0334,-92.3335,25.44,98,79,4.85,broken clouds
196,Tikhvin,RU,59.6451,33.5294,15.53,95,100,1.94,overcast clouds
197,Pacific Grove,US,36.6177,-121.9166,21.75,90,90,1.34,haze
198,Husavik,IS,66.0449,-17.3389,8.95,79,100,0.79,overcast clouds
199,Moshi,TZ,-3.35,37.3333,16.59,82,53,0.8,broken clouds
200,Coihaique,CL,-45.5752,-72.0662,-0.03,93,0,1.03,clear sky
201,Pisco,PE,-13.7,-76.2167,15.01,88,0,2.06,clear sky
202,Provideniya,RU,64.3833,-173.3,13.06,62,40,7.0,scattered clouds
203,Marawi,PH,7.9986,124.2928,22.24,82,100,0.66,heavy intensity rain
204,Saint-Michel-Des-Saints,CA,46.6834,-73.9159,16.8,76,100,1.69,overcast clouds
205,Boshnyakovo,RU,49.6333,142.1667,15.92,55,84,1.28,broken clouds
206,Cancun,MX,21.1743,-86.8466,28.96,74,1,3.6,clear sky
207,Touros,BR,-5.1989,-35.4608,24.5,88,38,5.48,scattered clouds
208,Koslan,RU,63.4564,48.8989,10.71,86,100,2.22,overcast clouds
209,Aklavik,CA,68.2191,-135.0107,13.46,42,100,1.53,overcast clouds
210,Vestmannaeyjar,IS,63.4427,-20.2734,13.6,78,100,3.54,overcast clouds
211,Buraydah,SA,26.326,43.975,30.25,15,34,2.39,scattered clouds
212,Abashiri,JP,44.0213,144.2697,18.16,77,75,7.72,broken clouds
213,Carnarvon,AU,-24.8667,113.6333,22.04,62,23,5.14,few clouds
214,Kumbo,CM,6.2,10.6667,14.31,96,99,1.25,overcast clouds
215,Verkhoyansk,RU,67.5447,133.385,28.12,19,12,2.43,few clouds
216,Cortez,US,37.3489,-108.5859,23.06,31,1,0.0,haze
217,Bastrop,US,32.7562,-91.8724,28.82,80,84,0.89,broken clouds
218,Rockland,US,41.1668,-74.0496,21.44,87,100,1.95,overcast clouds
219,Abha,SA,18.2164,42.5053,22.14,28,0,1.54,clear sky
220,Klaksvik,FO,62.2266,-6.589,9.51,93,100,2.78,overcast clouds
221,Waipawa,NZ,-41.4122,175.5153,5.35,70,99,9.64,overcast clouds
222,Tezu,IN,27.9167,96.1667,25.18,99,100,0.94,overcast clouds
223,Krasnokamensk,RU,50.0979,118.0369,17.0,94,100,2.18,overcast clouds
224,Cidreira,BR,-30.1811,-50.2056,15.49,92,0,4.5,clear sky
225,Emilio Carranza,MX,19.9711,-96.6114,26.6,82,7,4.61,clear sky
226,Payo,ID,-3.7508,103.6372,31.25,52,6,1.91,clear sky
227,Salalah,OM,17.0151,54.0924,25.05,100,90,2.06,drizzle
228,Namatanai,PG,-3.6667,152.4333,29.12,67,45,3.03,scattered clouds
229,Srimushnam,IN,11.4,79.4167,30.75,59,57,3.41,broken clouds
230,Guerrero Negro,MX,27.9769,-114.0611,21.58,83,3,7.4,clear sky
231,Caravelas,BR,-17.7125,-39.2481,19.65,85,1,2.43,clear sky
232,Dunedin,NZ,-45.8742,170.5036,10.45,60,66,3.58,broken clouds
233,Fare,PF,-16.7,-151.0167,26.35,75,13,5.93,few clouds
234,Botwood,CA,49.1499,-55.3482,8.83,89,3,0.38,clear sky
235,Maturin,VE,9.75,-63.1767,22.8,97,100,1.9,overcast clouds
236,Vamospercs,HU,47.5333,21.9,20.03,83,100,1.9,overcast clouds
237,Dezhou,CN,37.4486,116.2925,29.41,61,9,2.01,clear sky
238,Canutama,BR,-6.5339,-64.3831,24.61,48,3,0.22,clear sky
239,Esperance,AU,-33.8667,121.9,17.15,71,42,9.65,scattered clouds
240,Fatsa,TR,41.0278,37.5014,22.89,89,100,2.64,moderate rain
241,Hambantota,LK,6.1241,81.1185,28.04,71,93,8.01,overcast clouds
242,Sao Jose Da Coroa Grande,BR,-8.8978,-35.1478,22.92,88,32,3.19,scattered clouds
243,Ostrovnoy,RU,68.0531,39.5131,11.6,76,0,3.27,clear sky
244,Concordia,AR,-31.393,-58.0209,16.85,86,53,4.24,broken clouds
245,Gazi,GR,35.3253,25.0669,27.0,50,0,3.13,clear sky
246,Sao Filipe,CV,14.8961,-24.4956,25.77,85,41,0.72,scattered clouds
247,Lianzhou,CN,24.7811,112.3825,31.28,76,100,1.72,overcast clouds
248,Sorland,NO,67.667,12.6934,13.93,86,94,2.64,overcast clouds
249,Port-Gentil,GA,-0.7193,8.7815,23.93,82,97,5.42,overcast clouds
250,Coromandel,BR,-18.4733,-47.2003,14.96,54,3,1.77,clear sky
251,Port Lincoln,AU,-34.7333,135.8667,17.72,49,6,8.32,clear sky
252,Akashi,JP,34.6333,134.9833,30.06,80,98,15.46,overcast clouds
253,Kulhudhuffushi,MV,6.6221,73.07,27.75,74,100,8.0,overcast clouds
254,Kavaratti,IN,10.5669,72.642,26.29,82,100,10.14,overcast clouds
255,Garowe,SO,8.4054,48.4845,22.54,72,77,10.53,broken clouds
256,Zhigansk,RU,66.7697,123.3711,21.7,34,13,8.09,few clouds
257,Bethel,US,41.3712,-73.414,22.06,88,90,0.89,overcast clouds
258,Tiksi,RU,71.6872,128.8694,11.95,66,97,1.79,overcast clouds
259,Nouadhibou,MR,20.931,-17.0347,20.96,85,1,7.97,clear sky
260,Kununurra,AU,-15.7667,128.7333,29.99,15,3,4.63,clear sky
261,Asau,RO,46.4333,26.4,14.51,62,7,1.14,clear sky
262,Eureka,US,40.8021,-124.1637,16.22,77,1,1.34,clear sky
263,Kruisfontein,ZA,-34.0033,24.7314,12.77,75,100,11.75,overcast clouds
264,Cabedelo,BR,-6.9811,-34.8339,23.37,85,35,4.32,scattered clouds
265,Hamilton,US,39.1834,-84.5333,26.43,76,1,0.0,clear sky
266,Iqaluit,CA,63.7506,-68.5145,6.85,87,90,7.72,overcast clouds
267,Solnechnyy,RU,50.7214,136.6319,10.47,97,100,1.78,overcast clouds
268,Pavlodar,KZ,52.3,76.95,17.89,88,90,3.0,light rain
269,Arcos,BR,-20.2819,-45.5394,18.08,57,99,3.6,overcast clouds
270,Makakilo City,US,21.3469,-158.0858,28.18,61,75,7.2,broken clouds
271,Bogorodskoye,RU,56.55,37.8833,17.1,93,16,0.5,few clouds
272,Koutsouras,GR,35.0339,25.9469,25.78,55,0,4.98,clear sky
273,Salym,RU,60.0625,71.4789,20.03,77,100,1.39,overcast clouds
274,Jiwani,PK,25.05,61.7417,26.84,80,89,3.47,overcast clouds
275,Villa Bruzual,VE,9.3328,-69.1208,22.46,94,30,1.21,scattered clouds
276,Stornoway,GB,58.2093,-6.3865,14.4,94,24,1.54,few clouds
277,Araouane,ML,18.9048,-3.5265,34.08,29,82,6.27,broken clouds
278,Uray,RU,60.1247,64.7758,17.4,82,48,4.48,scattered clouds
279,Phek,IN,25.6667,94.5,22.41,72,100,0.58,light rain
280,Malindi,KE,-3.2175,40.1191,22.45,86,98,4.44,overcast clouds
281,Kitui,KE,-1.367,38.0106,14.28,89,43,1.45,scattered clouds
282,Muroto,JP,33.2833,134.15,28.02,89,98,14.25,overcast clouds
283,Moyale,KE,3.5167,39.0584,16.3,74,92,3.21,overcast clouds
284,Soyo,AO,-6.1349,12.3689,21.99,86,10,0.87,clear sky
285,Gaoua,BF,10.2992,-3.2508,22.42,95,95,2.1,overcast clouds
286,Guanica,PR,17.9716,-66.908,28.28,75,80,1.34,broken clouds
287,Anshun,CN,26.25,105.9333,24.71,78,100,2.1,light rain
288,Dali,CN,25.7,100.1833,22.36,80,99,0.73,heavy intensity rain
289,Kirkuk,IQ,35.4681,44.3922,32.61,19,0,1.02,clear sky
290,Severo-Kurilsk,RU,50.6789,156.125,13.95,79,58,5.68,broken clouds
291,Sistranda,NO,63.7256,8.834,16.06,83,30,1.31,scattered clouds
292,Road Town,VG,18.4167,-64.6167,27.89,75,95,9.29,overcast clouds
293,Binabalian,PH,16.4202,119.9279,28.98,77,100,4.06,overcast clouds
294,Alcaniz,ES,41.05,-0.1333,20.24,84,2,3.17,clear sky
295,Manokwari,ID,-0.8667,134.0833,28.42,70,85,3.24,overcast clouds
296,Kenora,CA,49.8167,-94.4337,22.54,78,1,2.57,clear sky
297,Tual,ID,-5.6667,132.75,25.97,84,98,8.06,overcast clouds
298,Itaituba,BR,-4.2761,-55.9836,28.27,43,100,0.94,overcast clouds
299,Pochutla,MX,15.7432,-96.4661,26.47,88,91,1.13,overcast clouds
300,Bud,US,39.447,-86.1758,26.05,93,94,3.01,overcast clouds
301,Bambanglipuro,ID,-7.95,110.2833,28.64,71,18,3.7,few clouds
302,Lavrentiya,RU,65.5833,-171.0,8.08,80,46,6.61,scattered clouds
303,Malatya,TR,38.5,38.0,17.03,59,40,1.54,scattered clouds
304,Tommot,RU,58.9564,126.2925,24.35,47,17,2.4,few clouds
305,Puerto Palomas,MX,31.7667,-107.6167,32.63,21,43,3.01,scattered clouds
306,Kjellerup,DK,56.2858,9.4353,14.06,94,75,2.57,broken clouds
307,Port Hedland,AU,-20.3167,118.5667,28.03,17,5,7.2,clear sky
308,Mahebourg,MU,-20.4081,57.7,20.16,94,20,2.57,moderate rain
309,Brokopondo,SR,4.75,-55.1667,26.25,81,100,2.51,overcast clouds
310,Vieques,PR,18.425,-65.8329,28.28,89,20,2.57,few clouds
311,Cedar City,US,37.6775,-113.0619,25.54,11,1,4.63,clear sky
312,Tapes,BR,-30.6733,-51.3958,16.0,85,1,2.23,clear sky
313,Shu,KZ,43.5983,73.7614,28.79,30,1,6.13,clear sky
314,Rassvet,RU,46.8333,40.75,22.91,92,97,0.8,light rain
315,Montepuez,MZ,-13.1256,38.9997,15.56,82,0,1.94,clear sky
316,Mamlyutka,KZ,54.9375,68.5394,19.01,85,6,5.76,clear sky
317,Cap Malheureux,MU,-19.9842,57.6142,20.27,89,41,1.34,light rain
318,Mackay,AU,-21.15,149.2,22.8,63,67,7.21,broken clouds
319,Korla,CN,41.7597,86.1469,28.95,30,22,5.87,few clouds
320,Najran,SA,17.4924,44.1277,26.36,40,69,2.33,broken clouds
321,Gamba,GA,-2.65,10.0,22.65,85,83,2.29,broken clouds
322,Aljezur,PT,37.3191,-8.8033,14.63,89,0,4.51,clear sky
323,Kamina,CD,-8.7386,24.9906,15.68,37,2,1.41,clear sky
324,Praia,CV,14.9215,-23.5087,26.3,83,40,1.03,scattered clouds
325,Erzin,TR,36.9559,36.2,25.4,82,0,0.73,clear sky
326,Padang,ID,-0.9492,100.3543,29.03,66,93,1.05,overcast clouds
327,Zhangjiakou,CN,40.81,114.8794,25.44,52,36,1.53,scattered clouds
328,Ransang,PH,8.9603,117.5828,30.12,68,88,3.62,overcast clouds
329,Verkhnyaya Inta,RU,65.9811,60.3094,8.76,96,100,2.35,overcast clouds
330,Port Hardy,CA,50.6996,-127.4199,16.1,82,90,5.14,overcast clouds
331,Acapulco,MX,16.8634,-99.8901,26.43,84,42,2.64,scattered clouds
332,Srednekolymsk,RU,67.45,153.6833,22.47,34,10,2.03,clear sky
333,Marijampole,LT,54.5667,23.35,14.04,92,95,3.23,overcast clouds
334,Iskateley,RU,67.6803,53.1512,10.67,78,6,0.37,clear sky
335,Belmonte,BR,-15.8631,-38.8828,20.28,83,52,3.54,broken clouds
336,Souillac,MU,-20.5167,57.5167,20.21,94,20,2.57,light rain
337,Arbazh,RU,57.6804,48.3065,17.24,67,100,3.96,overcast clouds
338,Esso,RU,55.9333,158.7,13.62,58,95,1.32,light rain
339,Nalut,LY,30.3333,10.85,29.5,26,0,6.07,clear sky
340,Hornepayne,CA,49.2138,-84.7705,16.94,99,100,2.69,overcast clouds
341,Riyadh,SA,24.6877,46.7219,32.03,23,0,1.54,clear sky
342,Laredo,US,27.5064,-99.5075,32.0,62,1,9.26,clear sky
343,Wadi Maliz,TN,36.4681,8.5495,24.81,50,0,0.99,clear sky
344,Inhambane,MZ,-23.865,35.3833,16.8,74,0,2.44,clear sky
345,Naze,JP,28.3667,129.4833,28.51,77,1,6.35,clear sky
346,Teruel,ES,40.6667,-0.6667,15.98,92,12,2.51,few clouds
347,Parfenyevo,RU,58.484,43.4088,18.1,86,36,1.5,scattered clouds
348,Ilhabela,BR,-23.7781,-45.3581,18.49,72,2,1.39,clear sky
349,Belyy Yar,RU,53.6039,91.3903,18.94,82,38,1.0,mist
350,Sibolga,ID,1.7427,98.7792,27.89,80,66,0.71,broken clouds
351,Buchanan,LR,5.8808,-10.0467,24.3,87,99,3.82,moderate rain
352,Muli,MV,2.9167,73.5667,28.51,70,94,5.22,overcast clouds
353,Burdur,TR,37.7203,30.2908,17.39,72,0,3.6,clear sky
354,Nizhnevartovsk,RU,60.9344,76.5531,18.01,94,90,0.0,mist
355,Broome,US,42.2506,-75.833,22.21,92,1,3.6,clear sky
356,Matara,LK,5.9485,80.5353,27.18,79,99,5.05,overcast clouds
357,Puerto Leguizamo,CO,-0.1934,-74.7819,21.92,97,84,1.16,broken clouds
358,Lorengau,PG,-2.0226,147.2712,29.23,70,23,4.35,few clouds
359,Tres Arroyos,AR,-38.3739,-60.2798,5.3,85,100,1.14,overcast clouds
360,Mezen,RU,65.8522,44.24,11.75,74,100,2.61,overcast clouds
361,Ponta Delgada,PT,37.7333,-25.6667,21.4,88,40,4.12,scattered clouds
362,Shahr-E Babak,IR,30.1165,55.1186,24.96,15,4,3.08,clear sky
363,Moose Factory,CA,51.2585,-80.6094,21.0,73,1,4.12,clear sky
364,Rupert,US,42.6191,-113.6772,22.97,46,1,5.14,clear sky
365,Porto Santo,PT,33.072,-16.3415,20.72,68,20,3.6,few clouds
366,Yinchuan,CN,38.4681,106.2731,31.0,21,0,0.83,clear sky
367,Yakeshi,CN,49.2833,120.7333,19.06,86,100,4.76,overcast clouds
368,Goryachiy Klyuch,RU,44.6308,39.13,23.1,94,99,0.64,light rain
369,Mercedes,AR,-34.6515,-59.4307,8.24,94,100,7.63,moderate rain
370,Nikel,RU,69.4128,30.222,13.1,70,45,1.9,scattered clouds
371,Acari,PE,-15.4311,-74.6158,16.83,80,63,1.83,broken clouds
372,Port-Cartier,CA,50.0334,-66.8654,10.97,69,0,1.22,clear sky
373,Asfi,MA,32.2994,-9.2372,18.82,80,0,5.15,clear sky
374,Poya,NC,-21.35,165.15,22.96,46,1,6.49,clear sky
375,Banyo,CM,6.75,11.8167,17.9,95,100,1.04,overcast clouds
376,Xining,CN,36.6167,101.7667,20.39,51,96,1.46,overcast clouds
377,Arlit,NE,18.7369,7.3853,33.49,34,45,3.66,scattered clouds
378,Wicklow,IE,53.0,-6.4167,9.42,99,32,1.81,scattered clouds
379,Bosaso,SO,11.2842,49.1816,31.95,41,31,5.55,scattered clouds
380,Puerto Colombia,CO,10.9878,-74.9547,27.05,80,100,9.09,overcast clouds
381,Smyrna,US,33.884,-84.5144,25.93,84,75,0.0,broken clouds
382,Ugoofaaru,MV,5.6667,73.0,28.22,74,86,7.68,overcast clouds
383,Saint Anthony,US,45.0205,-93.218,22.94,88,40,2.06,scattered clouds
384,Barcelos,PT,41.5388,-8.6151,16.62,87,100,0.87,overcast clouds
385,Hirado,JP,33.3597,129.5531,30.64,78,4,6.59,clear sky
386,Cabo San Lucas,MX,22.8909,-109.9124,30.84,66,17,1.23,few clouds
387,Oranjemund,NA,-28.55,16.4333,13.85,75,98,2.66,overcast clouds
388,Bronnoysund,NO,65.4625,12.1997,17.0,77,90,2.06,overcast clouds
389,Hirara,JP,24.8,125.2833,30.15,84,75,4.12,light rain
390,Dhidhdhoo,MV,6.8833,73.1,27.78,74,100,8.25,overcast clouds
391,Raga,SS,8.4596,25.678,19.63,97,100,1.53,overcast clouds
392,Sabang,ID,5.8933,95.3214,28.06,78,99,6.29,overcast clouds
393,Norman Wells,CA,65.282,-126.8329,14.02,58,75,3.6,broken clouds
394,Fort Nelson,CA,58.8053,-122.7002,19.77,73,75,1.54,broken clouds
395,Havre-Saint-Pierre,CA,50.2334,-63.5986,12.0,87,1,0.0,clear sky
396,Pathein,MM,16.7833,94.7333,30.55,69,78,4.2,broken clouds
397,Kieta,PG,-6.2167,155.6333,28.44,69,86,1.92,light rain
398,Atar,MR,20.5169,-13.0499,31.93,23,34,2.31,scattered clouds
399,Mayenne,FR,48.3333,-0.6667,14.69,96,97,4.19,light rain
400,Bacnotan,PH,16.7222,120.3525,29.91,72,68,2.96,broken clouds
401,Beloha,MG,-25.1667,45.05,14.96,94,0,2.3,clear sky
402,Porto Walter,BR,-8.2686,-72.7439,24.3,57,7,0.7,clear sky
403,Chengde,CN,40.9725,117.9361,24.13,72,69,0.94,broken clouds
404,Saquena,PE,-4.6667,-73.5167,24.02,73,46,0.93,scattered clouds
405,Constitucion,CL,-35.3333,-72.4167,8.45,75,86,1.34,overcast clouds
406,Chara,RU,56.9064,118.2631,14.92,92,100,1.03,light rain
407,Sarkand,KZ,45.41,79.9186,32.79,16,91,4.47,overcast clouds
408,Ponta Do Sol,PT,32.6667,-17.1,21.11,73,21,2.18,few clouds
409,San Carlos De Bariloche,AR,-41.1456,-71.3082,-1.14,64,0,2.06,clear sky
410,Monteagudo,BO,-19.8167,-63.9833,15.96,62,15,1.35,few clouds
411,Vanderhoof,CA,54.0166,-124.0198,21.29,55,48,0.53,scattered clouds
412,Beringovskiy,RU,63.05,179.3167,8.18,77,90,8.5,overcast clouds
413,Blajani,RO,45.3167,26.8167,17.87,57,0,1.98,clear sky
414,Kafr Abil,JO,32.4175,35.6694,25.23,91,14,1.36,few clouds
415,Kempsey,AU,-31.0833,152.8333,17.08,54,98,2.01,overcast clouds
416,Praya,CV,14.9215,-23.5087,26.3,83,40,1.03,scattered clouds
417,Macduff,GB,57.6701,-2.4969,13.99,92,18,4.32,few clouds
418,Bell Ville,AR,-32.6259,-62.6887,6.56,88,100,8.32,overcast clouds
419,Chicama,PE,-7.8447,-79.1469,17.42,83,38,3.17,scattered clouds
420,Evensk,RU,61.95,159.2333,18.97,43,24,3.72,few clouds
421,Manono,CD,-7.3,27.4167,19.94,35,9,1.46,clear sky
422,Grindavik,IS,63.8424,-22.4338,13.26,88,75,6.17,broken clouds
423,Maholi,IN,27.6667,80.4667,28.4,82,89,3.25,overcast clouds
424,Cayenne,GF,4.9333,-52.3333,26.72,83,0,1.34,clear sky
425,Ouadda,CF,8.0777,22.4007,18.89,98,100,1.11,overcast clouds
426,Luderitz,NA,-26.6481,15.1594,12.34,83,60,3.08,broken clouds
427,Santander,ES,43.4647,-3.8044,17.21,90,0,0.89,clear sky
428,Langham,CA,52.3668,-106.9679,18.34,51,100,2.92,overcast clouds
429,Ocampo,MX,21.65,-101.5,15.06,84,23,6.23,few clouds
430,Aasiaat,GL,68.7098,-52.8699,3.59,95,100,4.4,overcast clouds
431,Maarianhamina,AX,60.0973,19.9348,13.92,100,20,0.51,few clouds
432,Borovskoy,KZ,53.8,64.15,17.29,79,25,4.93,scattered clouds
433,Svetlyy,RU,54.675,20.1347,14.03,88,90,4.19,overcast clouds
434,Monterey,US,36.2505,-121.2516,18.8,1,0,3.76,clear sky
435,San Patricio,US,28.017,-97.5169,30.05,75,3,8.26,clear sky
436,Griffith,US,41.5284,-87.4237,24.47,85,1,0.45,clear sky
437,Tevaitoa,PF,-16.7833,-151.5,26.17,77,22,5.69,few clouds
438,Egvekinot,RU,66.3167,-179.1667,9.96,55,46,4.0,scattered clouds
439,Batemans Bay,AU,-35.7167,150.1833,19.0,43,68,2.95,broken clouds
440,Samarai,PG,-10.6167,150.6667,26.49,77,100,5.16,overcast clouds
441,San Luis,AR,-33.295,-66.3356,2.19,92,99,6.5,overcast clouds
442,Iseyin,NG,7.9667,3.6,21.42,97,100,2.48,overcast clouds
443,Adolfo Lopez Mateos,MX,28.4667,-107.3,17.74,88,92,3.49,overcast clouds
444,Sasykoli,RU,47.5515,46.9968,29.12,29,100,9.76,overcast clouds
445,Vestmanna,FO,62.1564,-7.1664,8.51,100,90,1.54,overcast clouds
446,Olafsvik,IS,64.8945,-23.7142,12.96,89,100,5.01,overcast clouds
447,Nsanje,MW,-16.92,35.262,15.07,92,0,0.61,clear sky
448,Dandong,CN,40.1292,124.3947,28.47,59,100,3.09,overcast clouds
449,Guines,FR,50.8671,1.8703,15.93,85,100,6.62,overcast clouds
450,Urumqi,CN,43.801,87.6005,28.53,25,0,3.0,clear sky
451,Anadyr,RU,64.75,177.4833,11.28,76,75,8.0,broken clouds
452,Maues,BR,-3.3836,-57.7186,26.64,55,97,1.05,overcast clouds
453,Kushiro,JP,42.975,144.3747,15.53,94,75,5.66,broken clouds
454,Hella,NO,67.2,14.4333,18.2,77,75,6.69,broken clouds
455,Port Shepstone,ZA,-30.7414,30.455,19.52,73,83,9.68,broken clouds
456,Abnub,EG,27.2696,31.1511,27.7,37,0,2.61,clear sky
457,Amazar,RU,53.858,120.875,11.15,97,100,3.68,overcast clouds
458,Grand Island,US,40.925,-98.342,26.28,76,1,0.89,clear sky
459,Porbandar,IN,21.6422,69.6093,27.65,73,98,4.94,overcast clouds
460,Indianola,US,41.3581,-93.5574,25.08,92,60,3.25,broken clouds
461,The Pas,CA,53.8251,-101.2541,15.01,94,1,1.75,clear sky
462,Sidi Ali,DZ,36.0998,0.4206,21.4,91,2,1.16,clear sky
463,Auki,SB,-8.7676,160.7034,28.83,66,57,1.17,broken clouds
464,Yulara,AU,-25.2406,130.9889,21.91,16,0,3.6,clear sky
465,Kitimat,CA,54.0524,-128.6534,19.39,72,99,2.04,overcast clouds
466,Santa Rosa,PH,14.3122,121.1114,31.17,62,94,3.67,overcast clouds
467,Ray,IN,23.6833,85.05,27.43,73,55,1.66,broken clouds
468,Saint-Paul,RE,-21.0096,55.2707,20.06,77,38,2.33,scattered clouds
469,Kibre Mengist,ET,5.8833,38.9833,15.11,96,100,0.96,light rain
470,Nichinan,JP,31.6,131.3667,32.82,66,12,7.52,few clouds
471,Betioky,MG,-23.7167,44.3833,14.07,74,0,2.08,clear sky
472,Malpe,IN,13.35,74.7167,26.61,83,35,1.47,scattered clouds
473,Mahibadhoo,MV,3.7833,72.9667,28.64,72,99,6.88,overcast clouds
474,College,US,64.8569,-147.8028,15.99,93,90,3.09,light rain
475,Kirensk,RU,57.7853,108.1119,22.12,40,77,1.4,broken clouds
476,Mursalimkino,RU,55.0379,58.5585,14.87,86,17,0.97,few clouds
477,Gashua,NG,12.871,11.0482,26.08,72,100,4.93,light rain
478,Cairns,AU,-16.9167,145.7667,25.59,89,75,4.63,light rain
479,Manta,EC,-0.95,-80.7333,21.88,88,90,2.57,overcast clouds
480,Klyuchi,RU,52.2667,79.1667,20.0,68,74,3.94,broken clouds
481,San Quintin,MX,30.4833,-115.95,20.0,80,5,3.19,clear sky
482,Cururupu,BR,-1.8283,-44.8683,23.68,87,2,1.79,clear sky
483,Cockburn Town,TC,21.4612,-71.1419,28.2,77,1,8.43,clear sky
484,Saint-Nazaire,FR,47.2833,-2.2,16.69,93,75,3.6,broken clouds
485,Nelson Bay,AU,-32.7167,152.15,20.05,55,97,0.89,overcast clouds
486,Tigil,RU,57.8,158.6667,16.27,52,38,6.72,scattered clouds
487,Sola,VU,-13.8833,167.55,24.58,82,100,7.32,overcast clouds
488,Noumea,NC,-22.2763,166.4572,18.99,70,68,8.11,broken clouds
489,Mehamn,NO,71.0357,27.8492,11.97,76,0,2.06,clear sky
490,Gympie,AU,-26.1898,152.665,16.28,89,94,3.78,light rain
491,Leningradskiy,RU,69.3833,178.4167,4.51,74,24,7.47,few clouds
492,Sakaiminato,JP,35.55,133.2333,23.99,94,90,11.32,overcast clouds
493,Gravdal,NO,68.1214,13.5031,13.87,84,68,3.98,broken clouds
494,Boden,SE,65.8252,21.6886,15.0,99,100,1.53,overcast clouds
495,Mahanoro,MG,-19.9,48.8,16.88,89,0,2.48,clear sky
496,Sangin,AF,32.0728,64.8359,31.41,11,0,1.48,clear sky
497,Bamako,ML,12.65,-8.0,23.23,100,20,1.54,light rain
498,Bathsheba,BB,13.2167,-59.5167,28.34,69,40,8.75,scattered clouds
499,Pakdasht,IR,35.4752,51.6807,30.0,22,45,1.89,scattered clouds
500,Balaghat,IN,21.8,80.1833,26.47,83,95,1.59,overcast clouds
501,Pingxiang,CN,27.6167,113.85,32.94,66,100,0.25,overcast clouds
502,Maceio,BR,-9.6658,-35.7353,22.69,94,75,2.06,broken clouds
503,Gat,IL,31.61,34.7642,25.51,100,2,0.94,clear sky
504,Rosario Oeste,BR,-14.8361,-56.4275,24.67,40,33,2.36,scattered clouds
505,Alto Paraguai,BR,-14.5136,-56.4825,23.68,43,22,2.69,few clouds
506,Waingapu,ID,-9.6567,120.2641,29.01,51,78,5.52,broken clouds
507,Laizhou,CN,37.1717,119.9214,28.4,54,100,1.17,light rain
508,Plerin,FR,48.5425,-2.7798,15.18,90,75,1.79,broken clouds
509,Lata,PT,40.1629,-8.3327,15.45,98,54,0.95,broken clouds
510,Arrecife,ES,28.963,-13.5477,21.04,78,20,6.69,few clouds
511,Erdenet,MN,49.0333,104.0833,16.92,56,100,1.75,overcast clouds
512,Whitehorse,CA,60.7161,-135.0538,12.43,71,90,7.2,overcast clouds
513,Moerai,PF,-22.4333,-151.3333,22.72,71,6,4.3,clear sky
514,Carmen Del Parana,PY,-27.2333,-56.2167,22.07,52,39,2.97,scattered clouds
515,Eirunepe,BR,-6.6603,-69.8736,23.43,68,1,0.88,clear sky
516,Nome,US,64.5011,-165.4064,16.04,64,90,5.14,light rain
517,Rjukan,NO,59.8789,8.5941,11.92,94,57,0.43,broken clouds
518,Roald,NO,62.5833,6.1333,12.83,93,8,3.09,clear sky
519,Itarema,BR,-2.9248,-39.9167,26.2,75,7,7.03,clear sky
520,Bad Hall,AT,48.0383,14.2077,14.79,86,84,1.33,broken clouds
521,Arinos,BR,-15.9169,-46.1056,17.36,53,1,1.21,clear sky
522,Asosa,ET,10.0667,34.5333,14.47,88,87,1.69,overcast clouds
523,Tuzha,RU,57.6062,47.936,17.89,70,100,4.0,overcast clouds
524,Taoudenni,ML,22.6783,-3.9836,36.73,10,1,1.91,clear sky
525,Hay River,CA,60.8156,-115.7999,7.64,89,100,1.15,light rain
526,Pavilosta,LV,56.8879,21.1859,16.97,87,93,5.54,light rain
527,Eldorado,BR,-23.7869,-54.2836,18.33,54,9,2.98,clear sky
528,Neryungri,RU,56.6709,124.6491,17.87,57,40,5.26,scattered clouds
529,Hima,UG,0.2958,30.1804,18.83,91,97,0.74,light rain
530,Quatre Cocos,MU,-20.2078,57.7625,20.06,85,91,5.8,light rain
531,Chalette-Sur-Loing,FR,48.0134,2.7359,12.96,84,95,3.17,overcast clouds
532,Yamada,JP,39.4667,141.95,24.47,98,100,4.09,moderate rain
533,Puerto Escondido,MX,15.85,-97.0667,27.46,74,90,0.0,overcast clouds
534,Lac Du Bonnet,CA,50.2536,-96.0612,26.05,48,45,2.16,scattered clouds
535,Bowen,AU,-20.0167,148.2333,23.45,55,0,7.87,clear sky
536,Rio Gallegos,AR,-51.6226,-69.2181,3.03,65,75,4.63,broken clouds
537,Kursk,RU,51.7303,36.1939,17.64,82,0,3.0,clear sky
538,Mataram,ID,-8.5833,116.1167,30.45,60,71,3.36,broken clouds
539,Mazagao,BR,-0.115,-51.2894,29.03,84,81,1.96,broken clouds
540,Kamaishi,JP,39.2667,141.8833,29.53,98,100,4.35,overcast clouds
541,Tiznit,MA,29.5833,-9.5,17.28,87,11,0.98,few clouds
542,Camocim,BR,-2.9022,-40.8411,26.1,74,30,6.67,scattered clouds
543,Aitape,PG,-3.1374,142.3475,29.3,70,32,4.04,scattered clouds
544,Tapejara,BR,-28.0681,-52.0139,13.74,75,91,1.62,overcast clouds
545,Mapiripan,CO,2.8892,-72.1256,22.56,95,64,1.97,broken clouds
546,Muros,ES,42.7762,-9.0603,16.24,93,92,2.01,overcast clouds
547,Ndele,CF,8.4109,20.6473,19.86,97,100,1.01,overcast clouds
548,Blind River,CA,46.1834,-82.9582,22.14,99,100,3.65,light rain
549,Rayachoti,IN,14.05,78.75,29.37,58,93,4.3,overcast clouds
550,Colesberg,ZA,-30.72,25.0972,6.31,43,9,4.05,clear sky
551,North Bend,US,43.4065,-124.2243,19.58,72,1,9.77,clear sky
552,Yelahanka,IN,13.1075,77.6003,24.95,78,40,4.12,scattered clouds
553,Nanlong,CN,31.3533,106.0631,28.76,70,87,2.33,overcast clouds
554,Kudahuvadhoo,MV,2.6708,72.8944,28.26,72,84,5.26,broken clouds
555,Nongan,CN,44.382,125.1685,28.23,57,3,3.44,clear sky
556,Saint-Augustin,CA,51.226,-58.6502,13.47,66,5,1.63,clear sky
557,Bima,ID,-8.4667,118.7167,31.92,46,100,2.42,overcast clouds
558,Novyy Urgal,RU,51.0736,132.5642,11.11,90,100,0.28,overcast clouds
559,Iranshahr,IR,27.2025,60.6848,33.19,15,0,2.06,clear sky
560,Nikolayevsk-Na-Amure,RU,53.1406,140.73,19.26,40,1,3.99,clear sky
561,Rudbar,AF,30.15,62.6,31.2,17,0,5.02,clear sky
562,Alofi,NU,-19.0595,-169.9187,25.94,89,98,3.6,light rain
563,Kostomuksha,RU,64.571,30.5767,11.97,98,100,3.45,overcast clouds
564,Ucluelet,CA,48.9329,-125.5528,21.16,88,3,2.21,clear sky
565,Bria,CF,6.5423,21.9863,19.18,91,100,1.21,overcast clouds
566,Chama,CH,47.1821,8.4636,15.34,91,83,0.0,broken clouds
567,Sivaki,RU,52.6333,126.75,12.3,85,100,3.29,overcast clouds
568,Zaraza,VE,9.3503,-65.3245,22.19,97,88,1.83,overcast clouds
569,George Town,MY,5.4112,100.3354,30.96,74,20,0.89,few clouds
570,Pangody,RU,65.85,74.4859,16.41,63,5,7.61,clear sky
571,Pompeia,BR,-22.1086,-50.1717,20.27,50,22,2.28,few clouds
572,Praia Da Vitoria,PT,38.7333,-27.0667,22.14,88,75,6.92,broken clouds
573,Batagay,RU,67.6333,134.6333,28.64,24,17,1.22,few clouds
574,Mul,IN,20.0667,79.6667,29.04,73,92,2.48,overcast clouds
575,Nang Rong,TH,14.6377,102.7914,31.23,59,100,3.85,overcast clouds
576,Yongan,CN,39.6957,113.6871,25.23,46,29,2.9,scattered clouds
577,Lubumbashi,CD,-11.6609,27.4794,12.26,55,0,0.86,clear sky
578,Nilanga,IN,18.1,76.7667,27.08,69,100,4.35,overcast clouds
579,Banepa,NP,27.6298,85.5214,23.18,83,75,0.0,broken clouds
580,Suffolk,US,40.8668,-72.7996,22.52,93,90,3.13,overcast clouds
581,Oblivskaya,RU,48.5362,42.5014,25.33,33,97,2.93,overcast clouds
582,Whitley Bay,GB,55.0397,-1.4471,13.95,93,20,2.06,few clouds
583,Fayaoue,NC,-20.65,166.5333,21.25,59,43,10.14,scattered clouds
584,Lerwick,GB,60.1545,-1.1494,14.0,88,97,4.97,overcast clouds
585,Fatehpur,IN,25.9333,80.8,29.89,73,68,2.79,broken clouds
586,Igarka,RU,67.4667,86.5833,18.45,55,3,2.56,clear sky
587,Rincon,US,32.296,-81.2354,26.95,91,75,0.0,broken clouds
588,Leon Valley,US,29.4952,-98.6186,29.32,75,1,1.34,clear sky
589,Redlands,US,34.0556,-117.1825,34.81,39,0,1.79,clear sky
590,San Luis De La Paz,MX,21.3,-100.5167,17.61,91,13,4.82,few clouds
591,Bronkhorstspruit,ZA,-25.8102,28.7425,15.5,42,1,2.6,clear sky
592,Rocha,UY,-34.4833,-54.3333,11.55,95,100,6.47,moderate rain
593,Vardo,NO,70.3705,31.1107,12.11,81,36,3.42,scattered clouds
594,Nagato,JP,34.3833,131.2,26.94,86,99,9.74,moderate rain
595,Doha,QA,25.2867,51.5333,33.99,84,0,4.12,haze
596,Ulaanbaatar,MN,47.9077,106.8832,15.07,58,1,3.0,smoke
597,Rawson,AR,-43.3002,-65.1023,6.47,60,0,2.83,clear sky
598,Aldan,RU,58.6031,125.3894,21.35,50,57,3.75,broken clouds
599,Aquiraz,BR,-3.9014,-38.3911,27.05,74,75,6.7,broken clouds
600,Mubi,NG,10.2676,13.2644,21.02,94,100,0.94,light rain
601,Sikonge,TZ,-5.6333,32.7667,18.29,53,22,2.64,few clouds
602,Mandalgovi,MN,45.7625,106.2708,16.51,43,31,6.83,scattered clouds
603,Tabuk,PH,17.4189,121.4443,31.79,61,85,1.28,overcast clouds
604,Okhotsk,RU,59.3833,143.3,18.08,67,71,5.36,broken clouds
605,Dzilam Gonzalez,MX,21.2833,-88.9333,27.69,71,0,3.99,clear sky
606,Soe,ID,-9.8607,124.284,27.26,41,16,2.71,few clouds
607,Rawah,IQ,34.4816,41.9093,28.9,34,0,3.81,clear sky
608,Tungor,RU,53.3808,142.9564,17.51,51,0,3.79,clear sky
609,Komsomolskiy,UZ,40.4272,71.7189,30.4,26,0,3.09,clear sky
610,Bilibino,RU,68.0546,166.4372,19.12,28,72,0.86,broken clouds
611,Sylvan Lake,CA,52.3168,-114.0853,16.36,66,90,1.03,overcast clouds
612,San Policarpo,PH,12.1791,125.5072,29.35,67,100,1.77,heavy intensity rain
613,Khandyga,RU,62.6667,135.6,28.04,30,9,0.7,clear sky
614,Yar-Sale,RU,66.8333,70.8333,11.6,66,100,7.53,overcast clouds
615,Dunmore Town,BS,25.5,-76.65,28.49,74,2,5.42,clear sky
616,Mangrol,IN,21.1167,70.1167,27.71,74,100,4.85,overcast clouds
617,Tumut,AU,-35.3,148.2167,14.55,70,100,1.5,overcast clouds
618,Taltal,CL,-25.4,-70.4833,13.72,70,2,1.89,clear sky
619,Kroya,ID,-7.6331,109.2461,28.95,71,14,2.14,few clouds
620,Batticaloa,LK,7.7102,81.6924,28.07,70,97,2.3,overcast clouds
621,Inta,RU,66.0317,60.1659,8.98,95,100,2.74,overcast clouds
622,Butig,PH,7.7244,124.3008,22.72,79,100,1.04,overcast clouds
623,Pedernales,DO,18.0384,-71.744,27.49,73,6,0.85,clear sky
624,Rawlins,US,41.7911,-107.2387,23.12,18,1,3.6,clear sky
625,Taos,US,36.4072,-105.5731,23.18,30,1,0.45,clear sky
626,Ginir,ET,7.1333,40.7,14.42,84,85,1.07,light rain
627,Ushtobe,KZ,45.2514,77.9838,35.58,13,99,10.54,overcast clouds
628,Lisakovsk,KZ,52.5369,62.4936,17.1,75,97,4.51,overcast clouds
629,Deputatskiy,RU,69.3,139.9,23.84,33,14,0.79,few clouds
630,Panjab,AF,34.388,67.0233,14.91,31,0,2.22,clear sky
631,Shetpe,KZ,44.1667,52.1167,32.54,16,60,3.21,broken clouds
632,Karema,TZ,-6.8205,30.4389,21.15,55,12,2.44,few clouds
633,Kodinsk,RU,58.6881,99.1844,24.15,44,93,2.7,overcast clouds
634,Vanimo,PG,-2.6741,141.3028,28.9,70,72,3.46,broken clouds
635,Sao Joao Da Barra,BR,-21.6403,-41.0511,20.4,84,0,5.56,clear sky
636,Krasnoselkup,RU,65.7,82.4667,18.34,54,7,6.13,clear sky
637,Tyrma,RU,50.0833,132.1667,11.09,93,100,1.47,overcast clouds
638,Mae Sai,TH,20.4335,99.8762,29.62,63,100,1.0,overcast clouds
639,Wanning,CN,18.8003,110.3967,32.06,64,100,4.74,overcast clouds
640,Hami,CN,42.8,93.45,30.77,18,100,7.88,overcast clouds
641,Bandarbeyla,SO,9.4942,50.8122,24.84,77,59,10.69,broken clouds
642,Mikhaylovka,RU,50.06,43.2379,28.11,30,100,7.84,overcast clouds
643,Morgan City,US,29.6994,-91.2068,28.33,94,1,2.06,clear sky
644,Dzaoudzi,YT,-12.7887,45.2699,23.94,78,0,4.12,clear sky
645,Takoradi,GH,4.8845,-1.7554,23.8,90,77,4.02,light rain
646,Half Moon Bay,US,37.4636,-122.4286,23.93,85,20,0.45,few clouds
647,Chandauli,IN,25.2667,83.2667,27.03,78,96,3.15,overcast clouds
648,Koszalin,PL,54.1944,16.1722,14.5,85,76,3.26,broken clouds
649,Ivnya,RU,51.0629,36.1343,19.95,44,66,3.42,broken clouds
650,Den Helder,NL,52.9599,4.7593,16.99,78,75,7.2,broken clouds
651,Coahuayana,MX,18.7333,-103.6833,27.71,87,96,2.36,overcast clouds
652,Kasumkent,RU,41.6773,48.146,27.67,44,16,2.15,few clouds
653,Sao Miguel Do Araguaia,BR,-13.275,-50.1628,22.6,39,2,2.27,clear sky
654,Warragul,AU,-38.1667,145.9333,16.8,49,98,1.84,overcast clouds
655,La Union,PE,-5.4,-80.75,18.38,73,6,7.05,clear sky
656,Atambua,ID,-9.1061,124.8925,28.64,49,7,0.91,clear sky
657,Chapleau,CA,47.8405,-83.4034,18.24,99,96,3.23,overcast clouds
658,Abong Mbang,CM,3.9833,13.1833,18.16,100,69,1.23,broken clouds
659,Tucupita,VE,9.0622,-62.051,23.07,99,100,1.44,overcast clouds
660,Ekhabi,RU,53.5102,142.9671,17.24,51,0,3.68,clear sky
661,Susangerd,IR,31.5608,48.1831,29.01,10,0,3.71,clear sky
662,Port Macquarie,AU,-31.4333,152.9167,17.98,54,81,4.01,broken clouds
663,Surt,LY,31.2089,16.5887,26.75,75,0,4.93,clear sky
664,Sumter,US,28.7086,-82.0831,26.97,87,67,0.86,broken clouds
665,Tateyama,JP,34.9833,139.8667,32.01,87,98,13.91,overcast clouds
666,Gwadar,PK,25.1216,62.3254,26.8,78,85,3.15,overcast clouds
667,La Palma,US,33.8464,-118.0467,29.72,77,1,2.24,clear sky
668,Insch,GB,57.3427,-2.6132,13.26,92,42,1.7,scattered clouds
669,Gladstone,AU,-23.85,151.25,22.96,43,49,5.66,scattered clouds
670,Gorin,RU,51.1983,136.6669,13.67,87,100,1.38,overcast clouds
671,Ola,RU,59.5833,151.2833,17.44,58,27,1.55,scattered clouds
672,Tacuarembo,UY,-31.7333,-55.9833,19.33,69,95,1.97,overcast clouds
673,Iowa City,US,41.6611,-91.5302,24.8,84,1,3.09,clear sky
